Variant,"Regions Detected, 5% threshold","Regions Detected, 10% threshold","Regions Detected, 12% threshold",Mutations,Final inferred coefficient (%)
Omicron,101,100,100,NSP5:P132H NSP14:I42V S:G339D S:S371F S:S373P S:S375F S:K417N S:N440K S:S477N S:E484A S:Q493R S:Q498R S:Y505H S:H655Y S:N679K S:N764K S:D796Y S:Q954H S:N969K S:D1146D ORF3a:T64T E:T9I M:Q19E M:A63T ORF6:R20R ORF7b:Y18Y NC:28270 N:P13L,1.3655479352256061
Delta,99,92,97,NSP6:T77A NC:209 NSP3:A488S NSP3:P1228L NSP3:P1469S NSP4:D144D NSP4:V167L NSP6:V120V NSP12:G671S NSP13:P77L NSP14:A394V S:T19R S:L452R S:P681R S:D950N ORF3a:S26L M:I82T ORF7a:V82A ORF7a:T120I ORF7b:L40L N:D63G N:R203M N:G215C N:D377Y,0.45508477200480185
BA.1,92,91,91,NSP6:I189V NSP3:K38R NSP3:A889A NSP3:A1892T NSP10:V57V NSP12:N600N S:A67V S:-214mE S:-214nE S:-214oE S:-214pP S:-214rP S:-214sE S:-214tE S:-214uE S:S371P S:G446S S:G496S S:T547K S:N856K S:L981F M:D3G,-0.2630077267522285
BA.1,92,88,89,NSP6:S104- NSP3:S1265- NSP3:L1266- NSP6:L105- S:G142- S:V143- S:Y144- S:Y145D S:N211- S:L212I,0.08520121948083353
BA.2 BA.4 BA.5 BA.2.12.1,85,83,83,NSP5:D48D NSP1:S135R NSP3:T24I NSP3:G489S NSP3:A534A NSP4:L264F NSP4:V290V NSP4:T327I NSP4:L438F NSP5:R131R NSP9:I65I NSP12:L758L NSP13:R392C NSP15:T112I NSP15:E145E S:T19I S:V213G S:T376A S:D405N S:R408S ORF3a:T223I M:F112F ORF6:D61L N:S413R,0.31158880745036516
Omicron,90,83,85,N:G30- N:E31- N:R32- N:S33-,0.16323824584300636
Delta,88,81,83,S:E156- S:F157- S:R158G ORF8:D119- ORF8:F120-,0.09391411853452204
BA.2 BA.4 BA.5 BA.2.12.1,70,57,64,S:L24- S:P25- S:P26- S:A27S,0.019666974365038073
Gamma,46,36,42,NSP9:Y31Y NSP1:D156D NSP3:D10D NSP3:S370L NSP3:K977Q NSP3:P1200P NSP3:V1298V NSP12:D140D S:T20N S:P26S S:D138Y S:R190S S:K417T S:T1027I S:V1176F ORF3a:S253P ORF8:E92K N:P80R NSP13:E341D,0.03185880472947891
Alpha,50,35,44,NSP12:P412P NSP2:S36S NSP3:T183I NSP3:A890D NSP3:F1089F NSP3:I1412T NSP12:H613H NSP12:T912T S:A570D S:T716I S:S982A S:D1118H ORF8:Q27* ORF8:R52I ORF8:Y73C N:D3L N:S235F,0.006829348269418506
BA.2.12.1,36,30,33,NSP6:Y234Y NSP12:D523D S:D53D S:L452Q S:S704L,0.276532491192121
"Alpha Eta BA.1, BA.4 BA.5",47,23,31,S:I68- S:H69- S:V70- S:V143- S:Y144-,-0.04023559968589266
Alpha Beta Gamma BA.2 BA.2.12.1 BA.4 BA.5 Eta Iota Lambda,45,9,28,NSP6:G107- NSP6:F108-,-0.036587677315984134
Alpha Beta Gamma BA.1 BA.2 BA.2.12.1 BA.4 BA.5 Eta Iota Lambda,44,8,23,NSP6:S106- NSP6:G107-,0.2263214524513414
Mu,12,7,11,NSP10:S11S NSP3:T237A NSP3:T720I NSP3:S1106S NSP13:P419S NSP14:I332I S:Y144S S:Y145N NC:26491 ORF8:T11K ORF8:P38S,-0.13554199408932133
Alpha Omicron,39,6,18,S:N501Y S:P681H N:R203K N:G204R,0.17778710954864596
unknown,2,2,2,S:C166S,-0.015890424105724818
B.1.1.318,3,2,2,NSP15:V320M NSP3:I414I NSP4:T173I S:A575A S:T1238T ORF7b:P44- NC:27887 NC:27888 NC:27890 NC:27891 NC:27892 ORF8:M1- ORF8:K2- ORF8:F3- N:A208- N:R209- NSP3:E378V,-0.07019224126457006
BA.2,13,2,5,S:G142D,0.06397749586841972
AY.9,10,2,4,NSP6:V149A NSP3:P822L NSP4:A446V NSP6:T181I NSP3:T955T NSP9:L112L,-0.013721877442097241
AY.27,4,2,3,NSP7:C32C NSP2:H532Q NSP12:G345G NSP13:V34V M:A81S N:S412R,0.04868868264603207
B.1.258.22,0,1,0,NSP9:M101I NSP3:I1683T NSP12:V720I NSP13:A598S S:T1116T M:R150R ORF7b:*15* NSP13:H290Y NSP3:Y1776Y S:N439K,0.08618993323888459
synonymous,1,1,1,ORF3a:D265D N:D216D,0.07887810616857095
Delta,1,1,1,NC:28270,0.06469712501633773
AY.4.5,1,1,1,NSP10:M137K NSP3:R1868P NSP4:S358Y NSP10:L138R NSP14:P128P,0.05049395637004021
AY.4,1,1,1,NSP12:F694Y,0.014535148617394592
AY.68,1,1,1,NSP12:L308L NSP3:P192L S:D253A S:D979E ORF3a:C130C M:P123P ORF7b:L41L,0.004075314622322921
Delta Omicron,14,1,2,NSP4:T492I S:T478K,0.25621066748655064
AY.4.5,1,1,1,NSP12:D481A S:D1259Y,0.01774226552672977
Lambda,1,1,1,S:G75V NSP3:F1569V S:T76I S:P251- N:G214C S:R246- S:S247- S:Y248- S:L249- S:T250- S:G252- S:D253N,-0.1909189020103922
AY.98.1,1,0,0,S:P251L NSP3:E906D NSP3:I1683I,-0.023809270552524
AY.63,1,0,1,NSP1:K141- NSP1:S142- NSP1:F143-,0.010882060724969616
AY.23.1,1,0,1,S:P217P S:L1234I,0.040988882025059854
Beta,3,0,1,S:D80A NSP3:K837N S:D215G S:T240- S:L241- S:L242- S:A243- E:P71L,-0.11923280969794059
Mu,3,0,1,S:R346K NSP2:A555A,0.128450759758386
B.1.618,1,0,1,NSP13:Y277C NSP3:S371G NSP3:S697F NSP3:S848S S:A1174A M:L129L ORF7b:N33Y N:G18S N:E367Q,0.05530654376290191
Alpha sublineage,1,0,1,NSP5:G215G S:A292S S:Q787K M:A68S,0.02362897308126409
