Variants,Number of detections,Mutations
Omicron,100,NSP5:P132H NSP14:I42V S:G339D S:S371F S:S373P S:S375F S:K417N S:N440K S:S477N S:E484A S:Q493R S:Q498R S:Y505H S:H655Y S:N679K S:N764K S:D796Y S:Q954H S:N969K S:D1146D ORF3a:T64T E:T9I M:Q19E M:A63T ORF6:R20R ORF7b:Y18Y NC:28270 N:P13L
Delta,92,NSP6:T77A NC:209 NSP3:A488S NSP3:P1228L NSP3:P1469S NSP4:D144D NSP4:V167L NSP6:V120V NSP12:G671S NSP13:P77L NSP14:A394V S:T19R S:L452R S:P681R S:D950N ORF3a:S26L M:I82T ORF7a:V82A ORF7a:T120I ORF7b:L40L N:D63G N:R203M N:G215C N:D377Y
BA.1,91,NSP6:I189V NSP3:K38R NSP3:A889A NSP3:A1892T NSP10:V57V NSP12:N600N S:A67V S:-214mE S:-214nE S:-214oE S:-214pP S:-214rP S:-214sE S:-214tE S:-214uE S:S371P S:G446S S:G496S S:T547K S:N856K S:L981F M:D3G
BA.1,88,NSP6:S104- NSP3:S1265- NSP3:L1266- NSP6:L105- S:G142- S:V143- S:Y144- S:Y145D S:N211- S:L212I
BA.2 BA.4 BA.5 BA.2.12.1,83,NSP5:D48D NSP1:S135R NSP3:T24I NSP3:G489S NSP3:A534A NSP4:L264F NSP4:V290V NSP4:T327I NSP4:L438F NSP5:R131R NSP9:I65I NSP12:L758L NSP13:R392C NSP15:T112I NSP15:E145E S:T19I S:V213G S:T376A S:D405N S:R408S ORF3a:T223I M:F112F ORF6:D61L N:S413R
Omicron,83,N:G30- N:E31- N:R32- N:S33-
Delta,81,S:E156- S:F157- S:R158G ORF8:D119- ORF8:F120-
BA.2 BA.4 BA.5 BA.2.12.1,57,S:L24- S:P25- S:P26- S:A27S
Gamma,36,NSP9:Y31Y NSP1:D156D NSP3:D10D NSP3:S370L NSP3:K977Q NSP3:P1200P NSP3:V1298V NSP12:D140D S:T20N S:P26S S:D138Y S:R190S S:K417T S:T1027I S:V1176F ORF3a:S253P ORF8:E92K N:P80R NSP13:E341D
Alpha,35,NSP12:P412P NSP2:S36S NSP3:T183I NSP3:A890D NSP3:F1089F NSP3:I1412T NSP12:H613H NSP12:T912T S:A570D S:T716I S:S982A S:D1118H ORF8:Q27* ORF8:R52I ORF8:Y73C N:D3L N:S235F
BA.2.12.1,30,NSP6:Y234Y NSP12:D523D S:D53D S:L452Q S:S704L
"Alpha Eta BA.1, BA.4 BA.5",23,S:I68- S:H69- S:V70- S:V143- S:Y144-
Alpha Beta Gamma BA.2 BA.2.12.1 BA.4 BA.5 Eta Iota Lambda,9,NSP6:G107- NSP6:F108-
Alpha Beta Gamma BA.1 BA.2 BA.2.12.1 BA.4 BA.5 Eta Iota Lambda,8,NSP6:S106- NSP6:G107-
Mu,7,NSP10:S11S NSP3:T237A NSP3:T720I NSP3:S1106S NSP13:P419S NSP14:I332I S:Y144S S:Y145N NC:26491 ORF8:T11K ORF8:P38S
Alpha Omicron,6,S:N501Y S:P681H N:R203K N:G204R
B.1.1.318,2,NSP15:V320M NSP3:I414I NSP4:T173I S:A575A S:T1238T ORF7b:P44- NC:27887 NC:27888 NC:27890 NC:27891 NC:27892 ORF8:M1- ORF8:K2- ORF8:F3- N:A208- N:R209- NSP3:E378V
AY.9,2,NSP6:V149A NSP3:P822L NSP4:A446V NSP6:T181I NSP3:T955T NSP9:L112L
BA.2 BA.4 BA.5 BA.2.12.1,2,S:G142D
AY.27,2,NSP7:C32C NSP2:H532Q NSP12:G345G NSP13:V34V M:A81S N:S412R
unknown,2,S:C166S
Delta,1,NC:28270
AY.4.5,1,NSP10:M137K NSP3:R1868P NSP4:S358Y NSP10:L138R NSP14:P128P
AY.4,1,NSP12:F694Y
AY.68,1,NSP12:L308L NSP3:P192L S:D253A S:D979E ORF3a:C130C M:P123P ORF7b:L41L
B.1.258.22,1,NSP9:M101I NSP3:I1683T NSP12:V720I NSP13:A598S S:T1116T M:R150R ORF7b:*15* NSP13:H290Y NSP3:Y1776Y S:N439K
Delta Omicron,1,NSP4:T492I S:T478K
AY.4.5,1,NSP12:D481A S:D1259Y
Lambda,1,S:G75V NSP3:F1569V S:T76I S:P251- N:G214C S:R246- S:S247- S:Y248- S:L249- S:T250- S:G252- S:D253N
synonymous,1,ORF3a:D265D N:D216D
L.1,0,
B.1.438.1,0,
B.1.2,0,
B.1.279,0,
EU1,0,
Beta,0,
B.1,0,
